dataset,model,f1_score,accuracy,precision,recall
Heart Rate Prediction to Monitor Stress Level,Logistic Regression,0.48229307827131124,0.5685809550176343,0.46822280781769954,0.5685809550176343
SWELL Dataset,Logistic Regression,0.548334274581083,0.6042048027035517,0.5872828470285778,0.6042048027035517
Stress Predict,Logistic Regression,0.5594418048974675,0.6718827797140622,0.6129557153181371,0.6718827797140622
