dataset,model,f1_score,accuracy,precision,recall
Heart Rate Prediction to Monitor Stress Level,KNN,0.4982565254163325,0.5148115603596664,0.49837236200057317,0.5148115603596664
Nurse Stress Prediction Wearable Sensors,Random Forest,0.734054796627366,0.7443965621012592,0.7276054810381872,0.7443965621012592
SWELL Dataset,Random Forest,0.7520519251861884,0.7559438059855074,0.75218422711045,0.7559438059855074
Stress Predict,Random Forest,0.7830709790734983,0.7901344334589943,0.7842899209760145,0.7901344334589943
