dataset,model,f1_score,accuracy,precision,recall
SWELL Dataset,Logistic Regression,0.548334274581083,0.6042048027035517,0.5872828470285778,0.6042048027035517
