dataset,model,f1_score,accuracy,precision,recall
Heart Rate Prediction to Monitor Stress Level,Random Forest,0.9399389297849066,0.9399824529098925,0.9400015946853251,0.9399824529098925
Nurse Stress Prediction Wearable Sensors,Random Forest,0.7420403640790209,0.7499578688879794,0.7366319666175297,0.7499578688879794
SWELL Dataset,XGBoost,0.7487888826518713,0.7542107600489586,0.7505318738742621,0.7542107600489586
Stress Predict,Random Forest,0.7956202568322273,0.8020840742584822,0.7972164191364928,0.8020840742584822
