,precision,recall,f1-score,support
high,0.0,0.0,0.0,14412.0
low,0.5699220923761825,0.909688450691715,0.7007946079563436,45033.0
medium,0.5599714209163169,0.2653182125930941,0.3600447902609894,23632.0
accuracy,0.5685809550176343,0.5685809550176343,0.5685809550176343,0.5685809550176343
macro avg,0.37663117109749983,0.391668887761603,0.353613132739111,83077.0
weighted avg,0.46822280781769954,0.5685809550176343,0.48229307827131124,83077.0
